scenario,lost_time_sec,controller,seeds_evaluated,avg_wait_sec,wait_95_ci,throughput_cpm,throughput_95_ci,total_switches,switches_95_ci,avg_pedestrian_wait_sec,pedestrian_wait_95_ci,paired_diff_vs_fixed_sec,paired_ci_vs_fixed,ambulance_present,pedestrians_present
balanced,0,Fixed (tuned),20,86.97,"[85.34, 88.61]",147.54,"[146.90, 148.19]",234.0,"[234.0, 234.0]",4.38,"[4.29, 4.48]",15.48,"[14.66, 16.3]",False,True
balanced,0,Fixed-Timing Baseline,20,102.45,"[100.35, 104.55]",138.41,"[138.10, 138.71]",114.0,"[114.0, 114.0]",7.65,"[7.30, 8.01]",0.0,"[0.0, 0.0]",False,True
balanced,0,Hybrid (uncoupled),20,100.45,"[97.72, 103.18]",133.54,"[131.26, 135.82]",1195.4,"[1170.2, 1220.6]",0.86,"[0.81, 0.92]",2.0,"[0.16, 3.84]",False,True
balanced,0,Hybrid Controller (Brute-Force),20,89.62,"[87.58, 91.66]",144.37,"[143.89, 144.85]",1457.2,"[1431.2, 1483.2]",0.85,"[0.81, 0.88]",12.83,"[12.05, 13.61]",False,True
balanced,0,Max-Pressure (tuned),20,97.93,"[95.64, 100.21]",137.7,"[136.33, 139.08]",478.8,"[474.0, 483.6]",2.33,"[2.24, 2.42]",4.53,"[3.47, 5.58]",False,True
balanced,0,Rule-Based (tuned),20,101.16,"[98.35, 103.97]",133.2,"[130.74, 135.67]",491.5,"[481.6, 501.4]",2.37,"[2.15, 2.59]",1.29,"[-0.56, 3.14]",False,True
balanced,2,Fixed (tuned),40,103.34,"[102.58, 104.11]",136.22,"[135.52, 136.91]",114.0,"[114.0, 114.0]",9.48,"[9.32, 9.65]",12.85,"[11.85, 13.85]",False,True
balanced,2,Fixed-Timing Baseline,40,116.19,"[114.84, 117.55]",129.03,"[128.83, 129.22]",114.0,"[114.0, 114.0]",7.65,"[7.41, 7.89]",0.0,"[0.0, 0.0]",False,True
balanced,2,"Hybrid (QAOA Polish, 5 seeds)",5,114.25,"[108.21, 120.28]",129.98,"[128.20, 131.76]",109.6,"[101.3, 117.9]",7.79,"[6.95, 8.63]",-1.18,"[-3.78, 1.43]",False,True
balanced,2,"Hybrid (QAOA Raw, 5 seeds)",5,128.5,"[122.09, 134.91]",121.18,"[116.55, 125.81]",111.6,"[100.1, 123.1]",9.41,"[8.46, 10.36]",-15.43,"[-18.07, -12.79]",False,True
balanced,2,Hybrid (uncoupled),40,133.65,"[131.72, 135.59]",111.9,"[110.18, 113.61]",124.8,"[123.0, 126.5]",7.51,"[7.14, 7.88]",-17.46,"[-19.09, -15.83]",False,True
balanced,2,Hybrid Controller (Brute-Force),40,123.17,"[121.61, 124.74]",124.61,"[124.12, 125.10]",181.7,"[177.7, 185.7]",5.52,"[5.30, 5.73]",-6.98,"[-7.84, -6.12]",False,True
balanced,2,Max-Pressure (tuned),40,119.47,"[117.91, 121.03]",126.38,"[125.65, 127.10]",104.0,"[103.2, 104.7]",8.73,"[8.41, 9.04]",-3.28,"[-3.98, -2.59]",False,True
balanced,2,Rule-Based (tuned),40,123.03,"[121.26, 124.79]",121.42,"[119.90, 122.95]",101.5,"[100.0, 102.9]",9.09,"[8.57, 9.60]",-6.84,"[-7.94, -5.73]",False,True
balanced,3,Fixed (tuned),40,107.36,"[106.48, 108.25]",133.89,"[133.33, 134.45]",114.0,"[114.0, 114.0]",9.48,"[9.32, 9.65]",22.48,"[21.67, 23.3]",False,True
balanced,3,Fixed-Timing Baseline,40,129.85,"[128.54, 131.15]",119.63,"[119.44, 119.83]",114.0,"[114.0, 114.0]",7.65,"[7.41, 7.89]",0.0,"[0.0, 0.0]",False,True
balanced,3,Hybrid (uncoupled),40,142.36,"[140.13, 144.58]",104.73,"[103.04, 106.42]",118.2,"[116.6, 119.7]",7.76,"[7.47, 8.04]",-12.51,"[-14.34, -10.68]",False,True
balanced,3,Hybrid Controller (Brute-Force),40,131.92,"[130.49, 133.34]",118.6,"[117.86, 119.34]",176.1,"[172.4, 179.8]",5.67,"[5.49, 5.85]",-2.07,"[-3.0, -1.14]",False,True
balanced,3,Max-Pressure (tuned),40,129.68,"[128.29, 131.06]",118.98,"[118.29, 119.67]",101.7,"[100.9, 102.5]",9.04,"[8.76, 9.32]",0.17,"[-0.59, 0.93]",False,True
balanced,3,Rule-Based (tuned),40,134.82,"[132.99, 136.64]",113.38,"[112.03, 114.74]",98.2,"[96.7, 99.6]",10.22,"[9.75, 10.70]",-4.97,"[-6.0, -3.93]",False,True
directional_moderate,0,Fixed (tuned),20,24.55,"[23.95, 25.15]",100.36,"[99.52, 101.20]",234.0,"[234.0, 234.0]",4.49,"[4.30, 4.69]",33.65,"[32.07, 35.23]",False,True
directional_moderate,0,Fixed-Timing Baseline,20,58.2,"[56.27, 60.12]",88.9,"[88.26, 89.54]",114.0,"[114.0, 114.0]",7.65,"[7.30, 8.01]",0.0,"[0.0, 0.0]",False,True
directional_moderate,0,Hybrid (uncoupled),20,9.77,"[9.38, 10.16]",103.41,"[102.52, 104.30]",938.4,"[921.3, 955.4]",0.97,"[0.94, 1.00]",48.42,"[46.72, 50.13]",False,True
directional_moderate,0,Hybrid Controller (Brute-Force),20,9.77,"[9.38, 10.16]",103.41,"[102.52, 104.30]",938.4,"[921.3, 955.4]",0.97,"[0.94, 1.00]",48.42,"[46.72, 50.13]",False,True
directional_moderate,0,Max-Pressure (tuned),20,18.24,"[17.72, 18.77]",101.53,"[100.63, 102.44]",332.8,"[329.5, 336.1]",3.36,"[3.23, 3.49]",39.95,"[38.21, 41.7]",False,True
directional_moderate,0,Rule-Based (tuned),20,13.93,"[13.36, 14.50]",102.58,"[101.68, 103.47]",323.1,"[318.6, 327.7]",3.96,"[3.76, 4.17]",44.27,"[42.61, 45.92]",False,True
directional_moderate,2,Fixed (tuned),40,34.77,"[34.14, 35.41]",98.16,"[97.62, 98.70]",90.0,"[90.0, 90.0]",10.76,"[10.36, 11.16]",34.59,"[33.39, 35.78]",False,True
directional_moderate,2,Fixed-Timing Baseline,40,69.36,"[68.03, 70.69]",84.98,"[84.57, 85.39]",114.0,"[114.0, 114.0]",7.65,"[7.41, 7.89]",0.0,"[0.0, 0.0]",False,True
directional_moderate,2,"Hybrid (QAOA Polish, 5 seeds)",5,31.72,"[29.32, 34.12]",97.7,"[95.81, 99.59]",208.0,"[201.7, 214.3]",4.76,"[4.13, 5.39]",35.86,"[33.32, 38.4]",False,True
directional_moderate,2,"Hybrid (QAOA Raw, 5 seeds)",5,37.53,"[34.20, 40.86]",96.34,"[95.19, 97.49]",192.6,"[175.9, 209.3]",5.56,"[4.73, 6.39]",30.05,"[27.82, 32.28]",False,True
directional_moderate,2,Hybrid (uncoupled),40,33.43,"[32.49, 34.37]",98.17,"[97.68, 98.67]",208.1,"[206.0, 210.2]",4.52,"[4.37, 4.67]",35.93,"[34.59, 37.27]",False,True
directional_moderate,2,Hybrid Controller (Brute-Force),40,32.77,"[31.92, 33.62]",98.28,"[97.79, 98.78]",208.2,"[205.3, 211.1]",4.79,"[4.63, 4.95]",36.59,"[35.24, 37.95]",False,True
directional_moderate,2,Max-Pressure (tuned),40,35.68,"[34.81, 36.56]",96.9,"[96.42, 97.39]",230.3,"[227.9, 232.7]",4.53,"[4.41, 4.64]",33.68,"[32.55, 34.81]",False,True
directional_moderate,2,Rule-Based (tuned),40,29.58,"[28.73, 30.43]",99.04,"[98.55, 99.52]",205.1,"[202.8, 207.4]",5.63,"[5.39, 5.87]",39.78,"[38.51, 41.06]",False,True
directional_moderate,3,Fixed (tuned),40,37.37,"[36.69, 38.04]",97.65,"[97.12, 98.18]",90.0,"[90.0, 90.0]",10.76,"[10.36, 11.16]",43.46,"[42.18, 44.74]",False,True
directional_moderate,3,Fixed-Timing Baseline,40,80.83,"[79.51, 82.15]",80.94,"[80.53, 81.34]",114.0,"[114.0, 114.0]",7.65,"[7.41, 7.89]",0.0,"[0.0, 0.0]",False,True
directional_moderate,3,Hybrid (uncoupled),40,43.3,"[41.93, 44.67]",95.96,"[95.46, 96.47]",153.1,"[150.8, 155.5]",6.07,"[5.83, 6.31]",37.53,"[35.96, 39.1]",False,True
directional_moderate,3,Hybrid Controller (Brute-Force),40,41.47,"[40.09, 42.85]",96.52,"[96.11, 96.93]",162.5,"[155.6, 169.5]",6.47,"[6.11, 6.83]",39.36,"[37.64, 41.08]",False,True
directional_moderate,3,Max-Pressure (tuned),40,46.77,"[45.55, 47.99]",93.86,"[93.42, 94.30]",194.5,"[193.0, 196.0]",5.17,"[5.05, 5.30]",34.06,"[32.89, 35.22]",False,True
directional_moderate,3,Rule-Based (tuned),40,39.36,"[38.09, 40.63]",96.25,"[95.79, 96.71]",187.2,"[184.9, 189.6]",6.05,"[5.76, 6.34]",41.47,"[39.9, 43.03]",False,True
incident_moderate,0,Fixed (tuned),20,25.3,"[24.54, 26.06]",99.7,"[98.89, 100.51]",174.0,"[174.0, 174.0]",5.24,"[5.06, 5.42]",3.95,"[3.63, 4.27]",False,True
incident_moderate,0,Fixed-Timing Baseline,20,29.25,"[28.39, 30.11]",99.14,"[98.43, 99.85]",114.0,"[114.0, 114.0]",7.65,"[7.30, 8.01]",0.0,"[0.0, 0.0]",False,True
incident_moderate,0,Hybrid (uncoupled),20,7.4,"[7.17, 7.63]",103.33,"[102.49, 104.17]",1254.8,"[1237.4, 1272.1]",0.78,"[0.75, 0.82]",21.85,"[21.16, 22.54]",False,True
incident_moderate,0,Hybrid Controller (Brute-Force),20,7.36,"[7.10, 7.63]",103.34,"[102.50, 104.19]",1264.8,"[1234.7, 1294.9]",0.8,"[0.77, 0.83]",21.89,"[21.21, 22.57]",False,True
incident_moderate,0,Max-Pressure (tuned),20,12.36,"[12.03, 12.70]",102.38,"[101.52, 103.24]",477.9,"[472.9, 482.8]",2.41,"[2.31, 2.51]",16.89,"[16.28, 17.5]",False,True
incident_moderate,0,Rule-Based (tuned),20,9.6,"[9.17, 10.02]",102.84,"[102.02, 103.67]",534.2,"[530.9, 537.6]",2.12,"[2.00, 2.23]",19.65,"[19.04, 20.27]",False,True
incident_moderate,2,Fixed (tuned),40,33.89,"[33.19, 34.59]",98.15,"[97.61, 98.68]",138.0,"[138.0, 138.0]",6.41,"[6.21, 6.62]",1.51,"[1.3, 1.72]",False,True
incident_moderate,2,Fixed-Timing Baseline,40,35.4,"[34.69, 36.12]",98.05,"[97.59, 98.51]",114.0,"[114.0, 114.0]",7.65,"[7.41, 7.89]",0.0,"[0.0, 0.0]",False,True
incident_moderate,2,"Hybrid (QAOA Polish, 5 seeds)",5,29.1,"[26.21, 32.00]",97.72,"[96.47, 98.97]",334.4,"[319.9, 348.9]",2.74,"[2.67, 2.82]",5.66,"[4.52, 6.8]",False,True
incident_moderate,2,"Hybrid (QAOA Raw, 5 seeds)",5,29.71,"[26.54, 32.88]",96.92,"[94.84, 99.00]",317.0,"[294.3, 339.7]",3.05,"[2.62, 3.47]",5.05,"[3.63, 6.47]",False,True
incident_moderate,2,Hybrid (uncoupled),40,28.84,"[27.98, 29.69]",98.93,"[98.45, 99.42]",333.5,"[330.9, 336.1]",2.81,"[2.70, 2.92]",6.57,"[6.03, 7.11]",False,True
incident_moderate,2,Hybrid Controller (Brute-Force),40,29.22,"[28.32, 30.12]",98.7,"[98.18, 99.22]",334.6,"[332.6, 336.7]",2.77,"[2.67, 2.87]",6.18,"[5.63, 6.74]",False,True
incident_moderate,2,Max-Pressure (tuned),40,22.48,"[21.47, 23.50]",100.3,"[99.70, 100.91]",272.1,"[271.2, 272.9]",3.61,"[3.49, 3.72]",12.92,"[12.32, 13.53]",False,True
incident_moderate,2,Rule-Based (tuned),40,26.14,"[24.89, 27.40]",99.53,"[98.93, 100.14]",279.2,"[275.4, 283.0]",3.68,"[3.55, 3.81]",9.26,"[8.56, 9.96]",False,True
incident_moderate,3,Fixed (tuned),40,37.48,"[36.74, 38.22]",97.96,"[97.43, 98.48]",102.0,"[102.0, 102.0]",8.86,"[8.54, 9.17]",4.89,"[4.61, 5.18]",False,True
incident_moderate,3,Fixed-Timing Baseline,40,42.38,"[41.54, 43.21]",96.41,"[95.97, 96.84]",114.0,"[114.0, 114.0]",7.65,"[7.41, 7.89]",0.0,"[0.0, 0.0]",False,True
incident_moderate,3,Hybrid (uncoupled),40,45.23,"[43.00, 47.46]",95.44,"[94.73, 96.15]",151.6,"[142.5, 160.6]",5.8,"[5.37, 6.23]",-2.86,"[-4.85, -0.87]",False,True
incident_moderate,3,Hybrid Controller (Brute-Force),40,42.42,"[40.71, 44.13]",95.99,"[95.34, 96.64]",162.4,"[155.4, 169.4]",5.54,"[5.18, 5.90]",-0.04,"[-1.31, 1.22]",False,True
incident_moderate,3,Max-Pressure (tuned),40,34.89,"[33.78, 36.01]",97.02,"[96.50, 97.53]",247.8,"[246.1, 249.5]",4.09,"[3.96, 4.22]",7.48,"[6.92, 8.04]",False,True
incident_moderate,3,Rule-Based (tuned),40,35.3,"[33.91, 36.70]",97.17,"[96.65, 97.69]",223.5,"[222.2, 224.8]",4.23,"[4.09, 4.36]",7.07,"[6.36, 7.79]",False,True
moderate_load,0,Fixed (tuned),20,24.28,"[24.00, 24.55]",99.94,"[99.12, 100.76]",234.0,"[234.0, 234.0]",4.04,"[3.90, 4.18]",3.21,"[2.94, 3.49]",False,True
moderate_load,0,Fixed-Timing Baseline,20,27.49,"[27.13, 27.85]",99.23,"[98.49, 99.96]",114.0,"[114.0, 114.0]",7.65,"[7.30, 8.01]",0.0,"[0.0, 0.0]",False,True
moderate_load,0,Hybrid (uncoupled),20,7.17,"[6.98, 7.36]",103.38,"[102.51, 104.24]",1258.3,"[1237.5, 1279.2]",0.78,"[0.75, 0.81]",20.32,"[20.06, 20.59]",False,True
moderate_load,0,Hybrid Controller (Brute-Force),20,7.17,"[6.98, 7.36]",103.38,"[102.51, 104.24]",1258.3,"[1237.5, 1279.2]",0.78,"[0.75, 0.81]",20.32,"[20.06, 20.59]",False,True
moderate_load,0,Max-Pressure (tuned),20,11.98,"[11.74, 12.22]",102.49,"[101.60, 103.38]",477.6,"[472.8, 482.3]",2.4,"[2.27, 2.52]",15.51,"[15.24, 15.79]",False,True
moderate_load,0,Rule-Based (tuned),20,9.44,"[9.14, 9.73]",102.84,"[101.98, 103.71]",535.1,"[531.8, 538.5]",2.11,"[1.98, 2.23]",18.05,"[17.68, 18.43]",False,True
moderate_load,2,Fixed (tuned),40,31.42,"[30.93, 31.91]",98.53,"[98.02, 99.05]",174.0,"[174.0, 174.0]",5.24,"[5.12, 5.36]",1.1,"[0.89, 1.31]",False,True
moderate_load,2,Fixed-Timing Baseline,40,32.52,"[32.14, 32.89]",98.38,"[97.92, 98.85]",114.0,"[114.0, 114.0]",7.65,"[7.41, 7.89]",0.0,"[0.0, 0.0]",False,True
moderate_load,2,Hybrid (+DownstreamSpace),20,26.53,"[25.91, 27.15]",99.66,"[98.83, 100.49]",206.4,"[199.0, 213.9]",4.24,"[3.99, 4.49]",5.98,"[5.66, 6.31]",False,True
moderate_load,2,Hybrid (+Lookahead),20,26.74,"[26.19, 27.30]",99.68,"[98.84, 100.51]",219.1,"[216.6, 221.5]",3.82,"[3.65, 3.99]",5.77,"[5.47, 6.07]",False,True
moderate_load,2,Hybrid (+WaitWeighted),20,26.59,"[25.91, 27.28]",99.53,"[98.75, 100.31]",204.8,"[198.1, 211.4]",4.23,"[4.04, 4.43]",5.92,"[5.51, 6.33]",False,True
moderate_load,2,"Hybrid (QAOA Polish, 5 seeds)",5,26.67,"[24.56, 28.77]",99.08,"[97.91, 100.25]",204.0,"[181.1, 226.9]",4.19,"[3.98, 4.39]",5.22,"[4.13, 6.31]",False,True
moderate_load,2,"Hybrid (QAOA Raw, 5 seeds)",5,30.16,"[28.64, 31.68]",98.3,"[97.31, 99.29]",217.4,"[189.6, 245.2]",4.29,"[3.89, 4.68]",1.73,"[0.99, 2.46]",False,True
moderate_load,2,Hybrid (uncoupled),40,25.61,"[25.08, 26.15]",99.85,"[99.31, 100.39]",208.6,"[204.8, 212.3]",3.98,"[3.83, 4.13]",6.9,"[6.41, 7.39]",False,True
moderate_load,2,Hybrid Controller (Brute-Force),40,25.61,"[25.08, 26.15]",99.85,"[99.31, 100.39]",208.6,"[204.8, 212.3]",3.98,"[3.83, 4.13]",6.9,"[6.41, 7.39]",False,True
moderate_load,2,Max-Pressure (tuned),40,18.92,"[18.34, 19.50]",101.16,"[100.63, 101.69]",249.4,"[248.6, 250.3]",3.98,"[3.86, 4.10]",13.6,"[13.25, 13.94]",False,True
moderate_load,2,Rule-Based (tuned),40,22.34,"[21.93, 22.76]",100.59,"[100.04, 101.14]",196.9,"[196.1, 197.7]",5.03,"[4.89, 5.18]",10.17,"[9.94, 10.4]",False,True
moderate_load,3,Fixed (tuned),40,34.65,"[34.25, 35.05]",98.42,"[97.88, 98.97]",102.0,"[102.0, 102.0]",8.86,"[8.54, 9.17]",4.19,"[3.9, 4.49]",False,True
moderate_load,3,Fixed-Timing Baseline,40,38.84,"[38.29, 39.40]",97.11,"[96.66, 97.56]",114.0,"[114.0, 114.0]",7.65,"[7.41, 7.89]",0.0,"[0.0, 0.0]",False,True
moderate_load,3,Hybrid (uncoupled),40,34.64,"[33.41, 35.86]",97.68,"[97.14, 98.22]",176.3,"[174.6, 178.1]",4.83,"[4.68, 4.98]",4.21,"[3.12, 5.29]",False,True
moderate_load,3,Hybrid Controller (Brute-Force),40,34.64,"[33.41, 35.86]",97.68,"[97.14, 98.22]",176.3,"[174.6, 178.1]",4.83,"[4.68, 4.98]",4.21,"[3.12, 5.29]",False,True
moderate_load,3,Max-Pressure (tuned),40,27.93,"[27.31, 28.56]",99.28,"[98.75, 99.81]",197.8,"[196.0, 199.6]",4.81,"[4.66, 4.95]",10.91,"[10.48, 11.34]",False,True
moderate_load,3,Rule-Based (tuned),40,29.87,"[29.14, 30.59]",98.72,"[98.23, 99.22]",203.2,"[201.3, 205.0]",4.85,"[4.72, 4.99]",8.98,"[8.46, 9.5]",False,True
rush_hour,0,Fixed (tuned),20,70.85,"[68.78, 72.92]",124.05,"[123.82, 124.29]",174.0,"[174.0, 174.0]",6.35,"[6.13, 6.57]",34.35,"[32.51, 36.19]",False,True
rush_hour,0,Fixed-Timing Baseline,20,105.2,"[103.68, 106.71]",105.23,"[104.37, 106.09]",114.0,"[114.0, 114.0]",7.65,"[7.30, 8.01]",0.0,"[0.0, 0.0]",False,True
rush_hour,0,Hybrid (uncoupled),20,70.6,"[67.90, 73.30]",121.17,"[120.58, 121.75]",753.0,"[736.2, 769.9]",1.34,"[1.22, 1.45]",34.6,"[32.41, 36.78]",False,True
rush_hour,0,Hybrid Controller (Brute-Force),20,65.62,"[63.03, 68.21]",124.31,"[123.79, 124.84]",759.7,"[742.6, 776.8]",1.83,"[1.67, 1.99]",39.58,"[37.63, 41.53]",False,True
rush_hour,0,Max-Pressure (tuned),20,72.52,"[70.06, 74.98]",121.39,"[120.92, 121.85]",267.3,"[262.6, 272.0]",4.91,"[4.61, 5.22]",32.68,"[30.65, 34.7]",False,True
rush_hour,0,Rule-Based (tuned),20,74.41,"[71.63, 77.19]",119.75,"[119.00, 120.49]",256.2,"[250.6, 261.9]",5.62,"[5.16, 6.08]",30.79,"[28.55, 33.02]",False,True
rush_hour,2,Fixed (tuned),40,88.12,"[86.82, 89.43]",116.95,"[116.71, 117.19]",78.0,"[78.0, 78.0]",13.05,"[12.62, 13.47]",25.59,"[24.48, 26.7]",False,True
rush_hour,2,Fixed-Timing Baseline,40,113.72,"[112.73, 114.71]",101.06,"[100.49, 101.63]",114.0,"[114.0, 114.0]",7.65,"[7.41, 7.89]",0.0,"[0.0, 0.0]",False,True
rush_hour,2,Hybrid (+DownstreamSpace),20,96.51,"[93.84, 99.17]",111.35,"[110.70, 112.01]",110.9,"[108.1, 113.7]",10.57,"[9.92, 11.21]",17.21,"[15.59, 18.83]",False,True
rush_hour,2,Hybrid (+Lookahead),20,96.44,"[93.60, 99.27]",111.4,"[110.72, 112.07]",107.5,"[104.8, 110.3]",10.47,"[9.83, 11.11]",17.28,"[15.61, 18.95]",False,True
rush_hour,2,Hybrid (+WaitWeighted),20,96.44,"[93.72, 99.16]",111.49,"[110.87, 112.11]",110.8,"[108.1, 113.5]",10.57,"[9.94, 11.20]",17.28,"[15.62, 18.94]",False,True
rush_hour,2,"Hybrid (QAOA Polish, 5 seeds)",5,95.87,"[92.84, 98.90]",110.32,"[108.98, 111.66]",107.2,"[96.4, 118.0]",11.34,"[8.58, 14.10]",16.87,"[13.34, 20.41]",False,True
rush_hour,2,"Hybrid (QAOA Raw, 5 seeds)",5,108.09,"[102.51, 113.66]",104.58,"[102.03, 107.13]",97.0,"[86.6, 107.4]",12.48,"[10.61, 14.34]",4.66,"[1.15, 8.17]",False,True
rush_hour,2,Hybrid (uncoupled),40,106.81,"[104.69, 108.94]",104.7,"[104.02, 105.39]",111.3,"[109.2, 113.4]",9.54,"[9.13, 9.95]",6.9,"[4.99, 8.81]",False,True
rush_hour,2,Hybrid Controller (Brute-Force),40,96.44,"[94.61, 98.27]",111.49,"[111.07, 111.91]",110.8,"[108.9, 112.7]",10.57,"[10.15, 11.00]",17.28,"[15.62, 18.94]",False,True
rush_hour,2,Max-Pressure (tuned),40,101.96,"[100.38, 103.54]",107.1,"[106.46, 107.75]",103.0,"[101.4, 104.5]",13.04,"[12.40, 13.68]",11.76,"[10.35, 13.17]",False,True
rush_hour,2,Rule-Based (tuned),40,104.67,"[102.61, 106.73]",105.03,"[104.31, 105.74]",94.0,"[92.2, 95.9]",15.42,"[14.41, 16.42]",9.05,"[7.35, 10.74]",False,True
rush_hour,3,Fixed (tuned),40,93.75,"[92.56, 94.94]",113.92,"[113.64, 114.19]",90.0,"[90.0, 90.0]",10.76,"[10.36, 11.16]",28.74,"[27.79, 29.68]",False,True
rush_hour,3,Fixed-Timing Baseline,40,122.49,"[121.53, 123.45]",96.79,"[96.23, 97.35]",114.0,"[114.0, 114.0]",7.65,"[7.41, 7.89]",0.0,"[0.0, 0.0]",False,True
rush_hour,3,Hybrid (uncoupled),40,113.23,"[111.15, 115.31]",100.75,"[100.09, 101.40]",106.0,"[104.3, 107.7]",10.11,"[9.65, 10.56]",9.26,"[7.46, 11.06]",False,True
rush_hour,3,Hybrid Controller (Brute-Force),40,104.5,"[102.82, 106.17]",107.17,"[106.73, 107.61]",108.0,"[106.3, 109.7]",10.35,"[10.03, 10.68]",17.99,"[16.4, 19.59]",False,True
rush_hour,3,Max-Pressure (tuned),40,111.06,"[109.62, 112.50]",102.59,"[102.04, 103.15]",81.3,"[79.9, 82.7]",17.81,"[16.75, 18.87]",11.43,"[10.15, 12.71]",False,True
rush_hour,3,Rule-Based (tuned),40,111.94,"[110.02, 113.85]",102.7,"[101.84, 103.56]",75.4,"[73.9, 76.9]",19.0,"[17.88, 20.12]",10.55,"[9.0, 12.11]",False,True
shifting_demand,0,Fixed (tuned),20,46.49,"[45.44, 47.54]",96.7,"[95.90, 97.49]",114.0,"[114.0, 114.0]",7.78,"[7.42, 8.15]",1.75,"[1.06, 2.44]",False,True
shifting_demand,0,Fixed-Timing Baseline,20,48.24,"[46.71, 49.76]",101.73,"[100.91, 102.56]",114.0,"[114.0, 114.0]",7.65,"[7.30, 8.01]",0.0,"[0.0, 0.0]",False,True
shifting_demand,0,Hybrid (uncoupled),20,9.59,"[9.15, 10.04]",114.94,"[114.03, 115.85]",928.2,"[911.5, 945.0]",0.94,"[0.89, 0.99]",38.65,"[37.31, 39.99]",False,True
shifting_demand,0,Hybrid Controller (Brute-Force),20,9.59,"[9.15, 10.04]",114.94,"[114.03, 115.85]",928.2,"[911.5, 945.0]",0.94,"[0.89, 0.99]",38.65,"[37.31, 39.99]",False,True
shifting_demand,0,Max-Pressure (tuned),20,16.45,"[15.87, 17.04]",113.99,"[113.03, 114.95]",328.0,"[323.6, 332.4]",3.6,"[3.42, 3.78]",31.78,"[30.5, 33.06]",False,True
shifting_demand,0,Rule-Based (tuned),20,13.21,"[12.61, 13.81]",114.2,"[113.25, 115.15]",327.1,"[322.4, 331.9]",3.85,"[3.64, 4.07]",35.03,"[33.67, 36.4]",False,True
shifting_demand,2,Fixed (tuned),40,54.68,"[53.75, 55.61]",98.93,"[98.40, 99.47]",90.0,"[90.0, 90.0]",10.02,"[9.75, 10.30]",3.95,"[3.39, 4.5]",False,True
shifting_demand,2,Fixed-Timing Baseline,40,58.63,"[57.44, 59.82]",99.07,"[98.54, 99.60]",114.0,"[114.0, 114.0]",7.65,"[7.41, 7.89]",0.0,"[0.0, 0.0]",False,True
shifting_demand,2,"Hybrid (QAOA Polish, 5 seeds)",5,31.26,"[29.40, 33.12]",108.4,"[106.83, 109.97]",215.2,"[206.7, 223.7]",4.54,"[4.06, 5.02]",24.66,"[22.22, 27.1]",False,True
shifting_demand,2,"Hybrid (QAOA Raw, 5 seeds)",5,35.18,"[32.40, 37.96]",107.24,"[105.07, 109.41]",200.2,"[183.6, 216.8]",5.63,"[4.56, 6.71]",20.74,"[18.87, 22.61]",False,True
shifting_demand,2,Hybrid (uncoupled),40,32.17,"[31.13, 33.20]",109.83,"[109.26, 110.41]",201.9,"[198.4, 205.4]",4.43,"[4.26, 4.60]",26.46,"[25.26, 27.66]",False,True
shifting_demand,2,Hybrid Controller (Brute-Force),40,31.92,"[30.86, 32.97]",109.78,"[109.20, 110.37]",202.1,"[198.2, 205.9]",4.62,"[4.44, 4.79]",26.71,"[25.39, 28.03]",False,True
shifting_demand,2,Max-Pressure (tuned),40,34.8,"[33.78, 35.82]",108.65,"[108.09, 109.20]",228.0,"[224.7, 231.3]",4.59,"[4.43, 4.75]",23.83,"[22.82, 24.83]",False,True
shifting_demand,2,Rule-Based (tuned),40,29.98,"[29.11, 30.85]",109.94,"[109.37, 110.52]",209.9,"[207.9, 212.0]",5.47,"[5.24, 5.70]",28.65,"[27.49, 29.8]",False,True
shifting_demand,3,Fixed (tuned),40,57.86,"[56.95, 58.77]",96.73,"[96.20, 97.25]",90.0,"[90.0, 90.0]",10.02,"[9.75, 10.30]",12.94,"[12.28, 13.61]",False,True
shifting_demand,3,Fixed-Timing Baseline,40,70.81,"[69.54, 72.08]",95.61,"[95.17, 96.06]",114.0,"[114.0, 114.0]",7.65,"[7.41, 7.89]",0.0,"[0.0, 0.0]",False,True
shifting_demand,3,Hybrid (uncoupled),40,42.66,"[41.08, 44.25]",106.9,"[106.26, 107.53]",154.7,"[152.4, 157.1]",5.97,"[5.74, 6.19]",28.14,"[26.44, 29.85]",False,True
shifting_demand,3,Hybrid Controller (Brute-Force),40,39.55,"[38.11, 40.99]",107.58,"[107.01, 108.15]",166.6,"[160.0, 173.2]",6.27,"[5.97, 6.58]",31.26,"[29.73, 32.78]",False,True
shifting_demand,3,Max-Pressure (tuned),40,45.25,"[44.25, 46.25]",105.08,"[104.57, 105.58]",199.5,"[197.3, 201.7]",5.28,"[5.09, 5.48]",25.55,"[24.42, 26.68]",False,True
shifting_demand,3,Rule-Based (tuned),40,39.29,"[38.08, 40.50]",107.59,"[107.00, 108.18]",170.6,"[163.6, 177.6]",6.64,"[6.25, 7.03]",31.52,"[30.09, 32.94]",False,True
surge_accident,0,Fixed (tuned),20,88.83,"[86.82, 90.84]",127.41,"[127.20, 127.61]",234.0,"[234.0, 234.0]",4.49,"[4.30, 4.69]",14.84,"[13.26, 16.42]",False,True
surge_accident,0,Fixed-Timing Baseline,20,103.67,"[102.33, 105.01]",118.82,"[117.85, 119.78]",114.0,"[114.0, 114.0]",7.65,"[7.30, 8.01]",0.0,"[0.0, 0.0]",False,True
surge_accident,0,Hybrid (uncoupled),20,97.58,"[94.91, 100.24]",117.96,"[116.75, 119.18]",875.8,"[855.5, 896.0]",1.28,"[1.13, 1.44]",6.1,"[3.94, 8.25]",False,True
surge_accident,0,Hybrid Controller (Brute-Force),20,88.15,"[86.00, 90.30]",125.87,"[125.42, 126.32]",949.9,"[929.8, 970.0]",1.4,"[1.28, 1.51]",15.52,"[13.98, 17.06]",False,True
surge_accident,0,Max-Pressure (tuned),20,97.66,"[95.13, 100.18]",119.16,"[118.16, 120.16]",325.8,"[319.4, 332.2]",4.47,"[4.05, 4.88]",6.02,"[4.0, 8.03]",False,True
surge_accident,0,Rule-Based (tuned),20,103.49,"[100.98, 106.01]",114.48,"[113.04, 115.93]",310.1,"[301.7, 318.5]",5.81,"[5.15, 6.47]",0.18,"[-1.86, 2.22]",False,True
surge_accident,2,Fixed (tuned),40,107.02,"[106.06, 107.98]",117.88,"[117.42, 118.35]",114.0,"[114.0, 114.0]",7.78,"[7.54, 8.03]",5.6,"[5.13, 6.08]",False,True
surge_accident,2,Fixed-Timing Baseline,40,112.63,"[111.76, 113.49]",114.03,"[113.44, 114.63]",114.0,"[114.0, 114.0]",7.65,"[7.41, 7.89]",0.0,"[0.0, 0.0]",False,True
surge_accident,2,"Hybrid (QAOA Polish, 5 seeds)",5,119.75,"[114.08, 125.43]",109.78,"[107.37, 112.19]",128.4,"[116.3, 140.5]",8.59,"[7.02, 10.16]",-8.62,"[-12.8, -4.43]",False,True
surge_accident,2,"Hybrid (QAOA Raw, 5 seeds)",5,128.39,"[120.69, 136.08]",104.32,"[101.30, 107.34]",115.0,"[95.6, 134.4]",10.85,"[8.14, 13.56]",-17.25,"[-20.93, -13.56]",False,True
surge_accident,2,Hybrid (uncoupled),40,141.2,"[139.59, 142.81]",95.03,"[94.14, 95.93]",128.8,"[127.0, 130.7]",9.32,"[8.87, 9.76]",-28.58,"[-29.85, -27.3]",False,True
surge_accident,2,Hybrid Controller (Brute-Force),40,122.1,"[120.55, 123.65]",109.91,"[109.52, 110.29]",133.9,"[131.8, 136.0]",8.08,"[7.82, 8.34]",-9.47,"[-10.91, -8.03]",False,True
surge_accident,2,Max-Pressure (tuned),40,130.21,"[128.32, 132.09]",99.22,"[97.99, 100.46]",119.0,"[116.4, 121.7]",15.03,"[13.26, 16.81]",-17.58,"[-19.14, -16.02]",False,True
surge_accident,2,Rule-Based (tuned),40,140.63,"[138.70, 142.56]",92.48,"[91.25, 93.72]",108.0,"[104.8, 111.3]",22.16,"[19.64, 24.69]",-28.0,"[-29.61, -26.4]",False,True
surge_accident,3,Fixed (tuned),40,111.49,"[110.36, 112.61]",116.84,"[116.56, 117.12]",78.0,"[78.0, 78.0]",11.83,"[11.53, 12.13]",10.34,"[9.75, 10.93]",False,True
surge_accident,3,Fixed-Timing Baseline,40,121.82,"[120.97, 122.68]",108.95,"[108.41, 109.50]",114.0,"[114.0, 114.0]",7.65,"[7.41, 7.89]",0.0,"[0.0, 0.0]",False,True
surge_accident,3,Hybrid (uncoupled),40,152.46,"[150.68, 154.25]",85.34,"[84.16, 86.52]",136.0,"[132.9, 139.2]",9.05,"[8.49, 9.61]",-30.64,"[-32.14, -29.14]",False,True
surge_accident,3,Hybrid Controller (Brute-Force),40,129.02,"[127.49, 130.54]",104.89,"[104.43, 105.34]",163.2,"[153.2, 173.1]",7.04,"[6.59, 7.49]",-7.19,"[-8.34, -6.04]",False,True
surge_accident,3,Max-Pressure (tuned),40,141.34,"[139.65, 143.02]",92.88,"[91.90, 93.85]",107.8,"[105.5, 110.1]",15.43,"[13.90, 16.95]",-19.51,"[-20.8, -18.23]",False,True
surge_accident,3,Rule-Based (tuned),40,148.24,"[146.05, 150.44]",88.7,"[87.50, 89.91]",81.2,"[78.9, 83.6]",27.74,"[24.81, 30.67]",-26.42,"[-28.32, -24.52]",False,True
surge_moderate,0,Fixed (tuned),20,43.02,"[41.89, 44.15]",111.38,"[110.63, 112.14]",174.0,"[174.0, 174.0]",5.59,"[5.39, 5.79]",4.73,"[3.81, 5.66]",False,True
surge_moderate,0,Fixed-Timing Baseline,20,47.75,"[46.87, 48.63]",109.28,"[108.34, 110.22]",114.0,"[114.0, 114.0]",7.65,"[7.30, 8.01]",0.0,"[0.0, 0.0]",False,True
surge_moderate,0,Hybrid (uncoupled),20,25.09,"[23.90, 26.28]",116.82,"[115.99, 117.64]",1167.8,"[1146.9, 1188.8]",0.88,"[0.83, 0.94]",22.66,"[21.83, 23.5]",False,True
surge_moderate,0,Hybrid Controller (Brute-Force),20,24.0,"[22.89, 25.12]",116.93,"[116.11, 117.76]",1244.7,"[1216.2, 1273.2]",1.01,"[0.94, 1.09]",23.75,"[22.94, 24.56]",False,True
surge_moderate,0,Max-Pressure (tuned),20,29.52,"[28.51, 30.52]",115.35,"[114.49, 116.21]",455.9,"[451.6, 460.1]",2.72,"[2.56, 2.88]",18.24,"[17.66, 18.81]",False,True
surge_moderate,0,Rule-Based (tuned),20,28.31,"[27.14, 29.48]",116.19,"[115.38, 116.99]",481.1,"[477.6, 484.7]",2.75,"[2.62, 2.88]",19.44,"[18.68, 20.2]",False,True
surge_moderate,2,Fixed (tuned),40,50.96,"[50.14, 51.78]",110.13,"[109.54, 110.73]",90.0,"[90.0, 90.0]",10.02,"[9.75, 10.30]",4.22,"[3.74, 4.69]",False,True
surge_moderate,2,Fixed-Timing Baseline,40,55.17,"[54.57, 55.78]",106.16,"[105.55, 106.77]",114.0,"[114.0, 114.0]",7.65,"[7.41, 7.89]",0.0,"[0.0, 0.0]",False,True
surge_moderate,2,"Hybrid (QAOA Polish, 5 seeds)",5,56.84,"[54.81, 58.88]",106.66,"[104.42, 108.90]",194.8,"[185.1, 204.5]",5.0,"[4.38, 5.62]",-1.06,"[-2.45, 0.33]",False,True
surge_moderate,2,"Hybrid (QAOA Raw, 5 seeds)",5,63.0,"[59.90, 66.09]",104.42,"[102.26, 106.58]",158.0,"[148.8, 167.2]",5.97,"[5.26, 6.67]",-7.21,"[-8.85, -5.57]",False,True
surge_moderate,2,Hybrid (uncoupled),40,62.15,"[61.07, 63.23]",105.66,"[105.10, 106.21]",194.8,"[192.2, 197.4]",5.09,"[4.89, 5.28]",-6.97,"[-7.61, -6.34]",False,True
surge_moderate,2,Hybrid Controller (Brute-Force),40,56.42,"[55.41, 57.44]",107.3,"[106.77, 107.82]",202.8,"[201.3, 204.4]",5.04,"[4.84, 5.25]",-1.25,"[-2.05, -0.45]",False,True
surge_moderate,2,Max-Pressure (tuned),40,48.75,"[47.98, 49.53]",108.62,"[108.02, 109.22]",187.0,"[185.9, 188.1]",5.53,"[5.35, 5.70]",6.42,"[5.82, 7.02]",False,True
surge_moderate,2,Rule-Based (tuned),40,52.45,"[51.42, 53.48]",107.7,"[107.04, 108.35]",186.9,"[185.7, 188.2]",5.64,"[5.45, 5.83]",2.72,"[1.86, 3.59]",False,True
surge_moderate,3,Fixed (tuned),40,54.37,"[53.49, 55.24]",109.16,"[108.60, 109.73]",90.0,"[90.0, 90.0]",10.02,"[9.75, 10.30]",9.01,"[8.47, 9.55]",False,True
surge_moderate,3,Fixed-Timing Baseline,40,63.38,"[62.71, 64.04]",102.56,"[102.01, 103.11]",114.0,"[114.0, 114.0]",7.65,"[7.41, 7.89]",0.0,"[0.0, 0.0]",False,True
surge_moderate,3,Hybrid (uncoupled),40,69.6,"[68.61, 70.58]",103.55,"[102.93, 104.17]",117.4,"[115.4, 119.4]",7.72,"[7.45, 7.99]",-6.22,"[-7.14, -5.3]",False,True
surge_moderate,3,Hybrid Controller (Brute-Force),40,66.74,"[65.19, 68.30]",103.18,"[102.60, 103.77]",145.9,"[141.7, 150.1]",6.96,"[6.68, 7.24]",-3.37,"[-4.67, -2.06]",False,True
surge_moderate,3,Max-Pressure (tuned),40,59.76,"[58.87, 60.65]",103.92,"[103.38, 104.46]",186.8,"[185.8, 187.9]",5.08,"[4.88, 5.29]",3.61,"[2.92, 4.3]",False,True
surge_moderate,3,Rule-Based (tuned),40,60.2,"[58.97, 61.43]",105.31,"[104.72, 105.90]",140.9,"[139.8, 142.0]",7.33,"[7.10, 7.56]",3.18,"[2.42, 3.93]",False,True
